Peak,Weight
CEACAM6,4.3967970625816396e-05
EGFR,4.375278573334724e-05
S100A9,4.199366963486032e-05
MUC16,2.4764035657281864e-05
TNFAIP2,2.107810755362344e-05
PLXNB2,8.573012124417117e-06
PERP,7.68240548086039e-06
CLDN1,6.711620700699087e-06
KRT5,6.664393532870005e-06
MT-ND6,5.617342214978188e-06
DSG2,3.3174761862284276e-06
KRT19,3.304262759172181e-06
KRT7,2.5425432293548088e-06
LAMC2,2.1348604312386225e-06
KRT17,1.8801785847652026e-06
KRT6A,1.6064108922870153e-06
JUP,5.629704617775473e-07
ITGB4,4.02620063536089e-07
YY2,-0.0
ZNF428,0.0
PLEKHG3,0.0
PKP3,0.0
PIP5K1C,-0.0
PIP4P2,-0.0
PIN1,-0.0
PHTF1,-0.0
PHF1,-0.0
PHC2,-0.0
PGLYRP4,0.0
PGBD1,-0.0
PDXP,-0.0
PMM1,-0.0
PDLIM1,0.0
PCDH1,-0.0
PATJ,0.0
PARK7,-0.0
PAK6,0.0
PACSIN3,0.0
P3H1,-0.0
P2RY2,0.0
OVOL1,0.0
OR2A7,0.0
OGG1,-0.0
ZNF165,0.0
PPP1R13L,-0.0
PPL,-0.0
NTF4,0.0
RBM10,0.0
RASSF7,0.0
RASA3,-0.0
RARG,0.0
RAP2B,0.0
RANBP3,-0.0
RAB25,0.0
RAB23,-0.0
RAB11FIP3,-0.0
PTPRU,0.0
PTHLH,0.0
PTBP3,0.0
PTAFR,0.0
PSMC3IP,-0.0
PRSS8,0.0
PRRG4,0.0
PRRG2,-0.0
PRR5-ARHGAP8,0.0
PROM2,0.0
PRKACA,-0.0
PRAF2,-0.0
PRADC1,-0.0
PPP1R14C,0.0
OAZ2,-0.0
NRSN2,-0.0
NSF,-0.0
YBX3,0.0
MLLT1,-0.0
MKNK1,0.0
MINK1,0.0
MCOLN1,-0.0
MBLAC1,-0.0
MBD3,-0.0
MARVELD3,0.0
MARVELD2,0.0
MAP7,0.0
MAP3K9,0.0
MAP3K3,-0.0
MAL2,0.0
MAGED1,-0.0
LYRM2,-0.0
LYPD3,-0.0
ZNF668,-0.0
ZNF709,-0.0
ZNF775,-0.0
LTBR,0.0
LSR,0.0
LRWD1,-0.0
LPAR5,0.0
LIX1L,-0.0
MOB3B,0.0
MOB3C,0.0
MOCS1,-0.0
MYO1B,0.0
NRARP,0.0
NIPAL1,0.0
NECTIN4,0.0
NECTIN1,0.0
NDUFB2,-0.0
NDUFA11,-0.0
NDFIP2,0.0
NCDN,-0.0
NBPF9,-0.0
NAPRT,0.0
MYDGF,-0.0
MPZL2,0.0
MUC22,0.0
ZNF441,-0.0
MTRNR2L11,0.0
MTRNR2L1,0.0
MTPN,-0.0
MTFR1L,-0.0
ZNF576,-0.0
MST1R,-0.0
MRPS17,0.0
MROH6,0.0
RHBDL2,-0.0
ZHX3,-0.0
RHOD,0.0
TMEM102,0.0
TNKS1BP1,0.0
TNK1,0.0
TNFRSF21,0.0
ZC3H12A,0.0
TMPRSS11E,0.0
TMEM40,0.0
TMEM30B,0.0
TMEM265,0.0
TMEM263,-0.0
TMEM184A,0.0
TMEM159,0.0
TMC4,0.0
SYTL1,0.0
TMBIM1,0.0
TINAGL1,0.0
THAP8,-0.0
TERF2IP,-0.0
TECPR1,-0.0
TCTA,-0.0
TCF19,-0.0
TCF12,-0.0
TBC1D25,-0.0
TACSTD2,0.0
SZRD1,-0.0
TNPO2,-0.0
TP63,0.0
TRIM23,-0.0
TRIM29,0.0
XDH,0.0
WNT7B,0.0
WDR66,0.0
WDR62,-0.0
VOPP1,0.0
VKORC1,-0.0
USP43,0.0
USP13,-0.0
USP11,-0.0
UNC13D,0.0
UGT1A4,0.0
UGT1A3,0.0
UBE2J2,-0.0
UAP1L1,-0.0
TXNDC15,-0.0
TXLNA,-0.0
TUBB,-0.0
TTL,-0.0
TTC3,-0.0
TTC22,0.0
TTC21B,-0.0
TSPAN6,0.0
TSPAN1,0.0
ZC3HC1,-0.0
SYNC,-0.0
RIPK4,0.0
S100A2,0.0
SERPINB13,0.0
SERINC2,0.0
SEMA4B,-0.0
SEC61G,0.0
SEC22C,-0.0
SDC4,-0.0
SCEL,-0.0
SCAMP3,-0.0
SAP30,-0.0
SACS,-0.0
ZEB1,-0.0
S100A14,0.0
SYDE1,-0.0
S100A11,-0.0
RXRA,0.0
RPS6KA4,0.0
RNF25,-0.0
RNF223,-0.0
RNF149,0.0
LGALS9C,0.0
RNF141,0.0
RNF14,-0.0
RNASEH2A,-0.0
RNASE7,0.0
SERPINB5,0.0
SFN,0.0
SGCB,-0.0
SGTA,-0.0
STXBP2,0.0
STX2,-0.0
STK3,0.0
ZCCHC24,-0.0
STARD9,-0.0
STAP2,-0.0
ST14,-0.0
SSH3,0.0
SRM,-0.0
SPINT1,0.0
SOX15,0.0
SOWAHB,0.0
SMIM11A,-0.0
SLCO1B3-SLCO1B7,0.0
SLCO1B3,0.0
SLC39A2,0.0
SLC35B4,-0.0
SLC35A4,-0.0
SLC31A2,0.0
SLC2A9,0.0
SH3BP1,0.0
SH2D3A,0.0
SGTB,-0.0
AC003688.2,-0.0
KRT80,0.0
LAMB3,-0.0
CERK,-0.0
COPS8,-0.0
COL17A1,0.0
CNTNAP1,-0.0
CNPY4,-0.0
CNKSR1,0.0
CLPP,-0.0
CLDN7,0.0
CLDN4,0.0
CHMP4C,0.0
CHCHD3,-0.0
CERS3,0.0
CEP170,-0.0
CAST,-0.0
CENPO,-0.0
CDS1,0.0
CDKN2C,-0.0
CDK5,-0.0
CDH3,0.0
CDH1,0.0
CDC42BPG,0.0
CD99L2,-0.0
CD9,0.0
CD46,0.0
CCDC88A,-0.0
CORO2A,0.0
CRB3,0.0
CRYBG1,0.0
CRYBG2,0.0
DNAJB5,-0.0
DLK2,0.0
DIXDC1,-0.0
DIRAS1,-0.0
DHX32,0.0
DHX30,0.0
DHRS3,-0.0
DHPS,-0.0
DGKA,0.0
DENND5A,-0.0
DDR2,-0.0
DDR1,0.0
DCLRE1B,-0.0
DAB2IP,0.0
CYSRT1,0.0
CXCL16,0.0
CUTA,-0.0
CTSV,0.0
CTSH,0.0
CTNND1,-0.0
CTIF,-0.0
CTAGE8,0.0
CSTA,0.0
CBLC,0.0
CAPN7,-0.0
DPY19L2,-0.0
ANXA6,-0.0
ASNSD1,-0.0
ARTN,-0.0
ARL3,-0.0
ARIH2,-0.0
ARHGEF5,-0.0
ARHGAP31,-0.0
ARAP2,0.0
APC,-0.0
AP1M2,-0.0
AP1M1,-0.0
ANXA8L1,0.0
AMPD2,-0.0
CAPN1,0.0
ALS2CL,0.0
AGRN,0.0
AGPAT1,-0.0
ADRB2,0.0
ADGRF4,0.0
ADGRF1,-0.0
ACSF2,0.0
AC011473.4,0.0
AC008758.6,-0.0
AC008687.8,0.0
AC005943.1,-0.0
ATP8B2,-0.0
B3GALT4,0.0
B3GAT3,-0.0
B3GNT3,-0.0
CAB39,0.0
C6orf89,-0.0
C5orf24,-0.0
C4orf36,0.0
C1QTNF6,0.0
C1orf74,0.0
C1orf216,-0.0
C1orf116,-0.0
C19orf53,-0.0
C19orf44,-0.0
C19orf33,-0.0
C17orf80,-0.0
C16orf74,0.0
C12orf54,0.0
C10orf95,0.0
BTN2A1,-0.0
BTC,0.0
BLCAP,-0.0
BICDL2,0.0
BEND6,-0.0
BAP1,0.0
BAIAP2,-0.0
BACE1,-0.0
DNAJC8,-0.0
DPH3,-0.0
DPYSL2,-0.0
GRK4,-0.0
IP6K1,-0.0
INAVA,0.0
IL18,0.0
IFNGR1,0.0
HES2,0.0
HDGFL2,-0.0
HCFC2,-0.0
HCAR3,0.0
HCAR2,0.0
HARS1,-0.0
GSDMC,-0.0
GRHL2,0.0
GBP6,-0.0
GRHL1,0.0
GPRC5A,-0.0
GPR87,0.0
GPANK1,-0.0
GNAI2,-0.0
GMPPB,-0.0
GLT8D1,-0.0
GJB5,0.0
GJB4,-0.0
GJB3,0.0
GJB2,0.0
IPO13,-0.0
IQANK1,0.0
IRF6,0.0
ITGA6,0.0
LAD1,0.0
KRTCAP3,0.0
AC005324.3,-0.0
KRT16,-0.0
KRBOX4,-0.0
KLK8,0.0
KLK7,0.0
KLF5,0.0
KLF3,0.0
KLC3,0.0
KIAA1522,-0.0
KDF1,0.0
KCTD7,-0.0
KCTD20,-0.0
KCNK1,0.0
KATNAL1,-0.0
JMJD7,0.0
JMJD6,-0.0
JAZF1,-0.0
JAM3,-0.0
JAG2,0.0
IVL,0.0
ITGB6,0.0
GET1,-0.0
ZSCAN26,-0.0
GALNT3,0.0
ELF3,-0.0
EVPL,0.0
ESRP2,0.0
ESRP1,0.0
EQTN,0.0
EPS8L2,0.0
EPHA1,0.0
EPCAM,0.0
EMP3,-0.0
ELP6,-0.0
ELMO3,0.0
ELK1,-0.0
EIF2B3,-0.0
F11R,0.0
EID2B,-0.0
EID1,-0.0
EHF,0.0
DYNC1LI1,-0.0
DXO,-0.0
DUOXA1,0.0
DUOX2,0.0
DTX4,0.0
DSP,0.0
DSC3,0.0
DSC2,0.0
EXOG,-0.0
F3,0.0
FAT2,0.0
FUT3,0.0
FRK,0.0
FMNL3,-0.0
FKBP7,-0.0
FXYD3,-0.0
FGFBP1,0.0
FGD1,-0.0
FERMT1,0.0
FBXL7,-0.0
FAAP20,-0.0
FAM83H,0.0
FAM83B,0.0
FAM83A,0.0
FAM229B,-0.0
FAM193A,-0.0
FAM160A1,-0.0
FZR1,-0.0
FAM156A,-0.0
FAM114A2,-0.0
FAM110C,0.0
GALNT12,0.0
FAM110A,0.0
FRRS1,0.0
LAMA5,-2.6527580681581124e-06
VIM,-4.127966127272129e-06
COPA,-1.4809090086964378e-05
GDI1,-2.5812737825288963e-05
GNB1,-2.9207624664296296e-05
